[
    {
        "index": 1,
        "timestamp": 1757019836.5645294,
        "voter_id": "System",
        "candidate": "Genesis",
        "previous_hash": "0",
        "hash": "e49b9f37067de9d02d5a965826a2d38a453be96589e52d95fe410cd95f9d8989"
    },
    {
        "index": 2,
        "timestamp": 1757019850.4896908,
        "voter_id": "101",
        "candidate": "Red",
        "previous_hash": "e49b9f37067de9d02d5a965826a2d38a453be96589e52d95fe410cd95f9d8989",
        "hash": "9e92b0d47d9564c424bd970e6f77c4a8416ebf0d6f6ca3e241185c58e7c75a78"
    }
]