{
    "101": {
        "name": "Rahul",
        "voted": true
    },
    "102": {
        "name": "Ananya",
        "voted": false
    },
    "103": {
        "name": "Sourav",
        "voted": false
    },
    "104": {
        "name": "Pooja",
        "voted": false
    },
    "105": {
        "name": "Amit",
        "voted": false
    },
    "106": {
        "name": "abhi",
        "voted": false
    },
    "107": {
        "name": "1wie",
        "voted": false
    }
}